{
	"question-type":"table",
	"title":"Est-ce que vous avez du soutien pour remplir les tâches ménagères?",
	"lines": [
		"Cuisine",
		"Lessive",
		"Nettoyage de la maison",
		"Garde des enfants",
		"_OTHER_INPUT::Autre(précisez)"
	],
	"columns": [
		{
			"title":"Soutien",
			"type":"choice",
			"choices":[
				"Besoin de soutien, mais je n'en reçois pas",
				"Besoin de soutien: j'en reçois, mais pas suffisamment",
				"Besoin de soutien et j'en reçois suffisamment",
				"Pas besoin de soutien"
			]
		}
	],
	"mandatory":true
}