{
	"question-type":"table",
	"title":"Quelles pratiques d'amélioration de la qualité des sols utilisez-vous?",
	"lines": [
		"Chaulage du sol (apporter des amendements calciques ou de chaux à un sol pour en corriger l'acidité)",
		"Jachère/culture itinérante",
		"Semis direct",
		"Travail superficiel (Techniques culturales simplifiées)",
		"Pâturage en rotation",
		"Rotation des cultures",
		"Coupe-vent/haie",
		"Culture associée (croissance simultanée de deux cultures ou plus sur le même champ)",
		"Paillage (disposition sur le sol d'une couche mince d'origine végétale)",
		"Culture de couverture (culture intermédiaire; culture qui couvre le sol entre deux cultures principales)",
		"Fumure / compostage",
		"Bandes végétales",
		"Sylviculture, reboisement, protection des forêts",
		"Contrôle / réhabilitation des ravins",
		"Terrassement",
		"Autres pratiques d'amélioration de la qualité des sols"
	],
	"columns": [
		{
			"title":"Réponse",
			"type":"binary"
		}, 
		{
			"title":"Merci de compléter si nécessaire",
			"type":"text"
		}
	]
}