{
	"question-type":"table",
	"title":"Quelles sont, selon vous, les principales causes de dégradation du sol/de la terre?",
	"lines": [
			"Culture sur des sols vulnérables",
			"Labourage",
			"Période de jachère trop courte",
			"Embrouissaillement",
			"Expansion des établissements",
			"Nombre excessif de bétail",
			"Activités industrielles",
			"Mesures de contrôle de l'érosion manquantes",
			"Brûlage",
			"Surirrigation",
			"Propagation des adventices et des espèces envahissantes",
			"Conversion en terres agricoles",
			"Surpâturage",
			"Surextraction de la nappe phréatique",
			"Machinerie lourde",
			"Utilisation inappropriée des engrais et des produits agrochimiques",
			"Drainage insuffisant",
			"Foresterie commerciale",
			"Excessive récolte du bois",
			"Variation de la composition de l'élevage",
			"_OTHER_INPUT::Autre (précisez)"
	],
	"columns": [
		{
			"title":"Réponse",
			"type":"toggle"
		}
	]
}