{
	"question-type":"table",
	"title":"Produits vendus qui vous rapportent le plus?",
	"lines" : [
		"Culture/Animal 1",
		"Culture/Animal 2",
		"Culture/Animal 3",
		"Culture/Animal 4",
		"Culture/Animal 5",
		"Culture/Animal 6",
	
	],
	"columns": [
		{
			"title":"Description",
			"type":"text"
		},
		{
			"title":"Avez-vous des produits pour lesquels vous n'avez qu'un acheteur disponible?",
			"type":"binary"
		},
				{
			"title":"Si vous avez un accord ou bien des documents contraignants (par ex. contrat) avec un acheteur, êtes-vous satisfait des conditions ou est-ce que ça limite votre flexibilité?",
			"type":"choices",
			"choices": [
				"Je suis satisfait",
				"Un mixte des deux",
				"Ca limite la flexibilité de mon exploitation"	
			]
		}
				{
			"title":"A quel point êtes-vous impliqué dans la chaîne de valorisation/transformation de vos produits? (par ex. pour les producteurs de lait -> membre d'une fromagerie)",
			"type":"choices",
			"choices": [
				"Souvent",
				"Quelques fois",
				"Très rarement",
				"Jamais"	
			]

		},
				{
			"title":"Pour chacun des produits du tableau, vous sentez-vous menacé par les bas prix des produits concurrents importés? (par ex. des tomates importées d'Espagne sont des produits concurrents pour les tomates suisses)",
			"type":"binary"
		}
	],
	"mandatory":true
}