{
	"question-type":"table",
	"title":"En général, quelles sources utilisez-vous?",
	"all_visible":true,
	"lines": [
		"Gouvernement",
		"Magasins locaux/marché",
		"Amis/voisins/famille/autre exploitant",
		"Production propre",
		"Concessionnaire (commerçants d'intrants agricoles - fournisseurs/distributeurs)",
		"Banque de semences",
		"Groupes de producteurs ou entreprises de semensces",
		"_OTHER_INPUT::Autre (précisez)"
	],
	"columns": [
		{
			"title":"Sources de semences/matériel végétal (graines, plants, etc.)",
			"type":"choice",
			"choices": [
				"Oui",
				"Non",
				"Pas applicable"
			]
		},
		{
			"title":"Origines du matériel génétique animal (mâles améliorateurs, insémination artificielle, etc.)",
			"type":"choice",
			"choices": [
				"Oui",
				"Non",
				"Pas applicable"
			]

		}
	]
}