 {
	"question-type":"table",
	"title":"Produits vendus qui vous rapportent le plus?",
	"lines" : [
		"Culture/Animal 1",
		"Culture/Animal 2",
		"Culture/Animal 3",
		"Culture/Animal 4",
		"Culture/Animal 5",
		"Culture/Animal 6"
	
	],
	"columns": [
		{
			"title":"Description",
			"type":"text"
		},
		{
			"title":"Vendez/négociez-vous ces produits directement auprès des consommateurs?",
			"type":"binary"
		},
				{
			"title":"Si oui, à quelle fréquence?",
			"type":"choice",
			"choices": [
				"Chaque semaine",
				"Chaque mois",
				"Une fois par saison",
				"Une fois par an",
				"Jamais"	
			]
		},
		{
			"title":"Vendez-vous vos produits sur les marchés locaux?",
			"type":"choice",
			"choices": [
				"Non",
				"1-2 fois par mois",
				"1-3 fois par semaine",
				"Tout le temps (4+ fois par semaine)"	
			]

		}
	],
	"mandatory":true
}