{
	"question-type":"table",
	"title":"Quelles ont été vos plus grosses dépenses l'année dernière?",
	"lines" : [
		"1",
		"2",
		"3",
		"4",
		"5"
	],
	"columns": [
		{
			"title":"Elément de dépenses (par ex. éducation)",
			"type":"choices",
			"choices": [
				"pesticides",
				"engrais",
				"matériel agricole",
				"nouveau bâtiment",
				"main-d'oeuvre"
				"intérêts d'emprunts bancaires",
				"énergie pour chauffage/éclairage/machines",
				"assurances",
				"bail/loyer",
				"éducation"
				"autre (excepté les paiements directs)"
			]
		}

	],
	"mandatory":true
}