{
	"question-type":"table",
	"title":"Etes-vous à moins de 50 km du lieu d'approvisionnement de la plupart de vos intrants?",
	"lines": [
		"Semences agricoles/jeunes plants",
		"Mâle améliorateur/bétail",
		"Engrais",
		"Equipement",
		"Pesticides",
		"Croissances/servies de vulgarisation",
		"Main d'oeuvre (par ex: personnes employées pour le travail manuel dans les champs)",
		"Capital (par ex. banque)",
		"_OTHER_INPUT::Autre (précisez)"
	],
	"columns": [
		{
			"title":"",
			"type":"choice",
			"choices": [
				"Oui",
				"Non",
				"Pas applicable"
			]
		}
	
	]
}
	