{
	"question-type":"table",
	"title":"Qu'avez-vous assuré?",
	"lines" : [
		"1",
		"2",
		"3",
		"4",
		"5",
		"6",
		"7",
		"8",
		"9",
		"10"
	],
	"columns": [
		{
			"title":"Culture / bétail / revenu / bâtimes / ...",
			"type":"text"
		},
		{
			"title":"Contre une perte due au climat",
			"type":"binary"
		},
				{
			"title":"Contre une perte due aux déprédateurs",
			"type":"binary"
		},
				{
			"title":"Contre le feu / l'incendie",
			"type":"binary"
		},
				{
			"title":"Contre d'autres pertes",
			"type":"binary"
		},
		{
			"title":"Précisez",
			"type":"text"
		},
		{
			"title":"Avez-vous fait une déclaration à votre assurance au cours des 5 dernières années?",
			"type":"binary"
		}

	],
	"mandatory":true
}