{
	"question-type":"table",
	"title":"Quelles pratiques de gestion des déprédateurs avez-vous utilisées au cours de la dernière saison de culture (cochez celles utilisées)?",
	"lines": [
		"Pesticides naturels",
		"Variétés ou semences résistantes aux déprédateurs",
		"Méthodes de lutte biologiques (par ex. parasitoïdes, coccinelles)",
		"_OTHER_INPUT::Si oui, lesquelles?",
		"Pesticides de synthèse",
		"Rotation des cultures afin de réduire la croissance des adventices et des déprédateurs",
		"Eclaircissement des plants",
		"Capture à la main des déprédateurs trouvés sur les plantes",
		"Traitement en pépinière",
		"Utilisation de pièges ou de pièges végétaux",
		"_OTHER_INPUT::Autre (pécisez)"
	],
	"columns": [
		{
			"title":"Cochez",
			"type":"toggle"
		}

	]
}