{
	"question-type":"table",
	"title":"Quelles sont, selon vous, les principales causes de dégradation du sol/de la terre?",
	"lines": [
			"Culture sur des sols vulnérables",
			"Labour",
			"Période de jachère trop courte",
			"Embroussaillement",
			"Expansion des établissements",
			"Charge en bétail trop élevée",
			"Activités industrielles",
			"Mesures de contrôle de l'érosion manquantes",
			"Brûlage",
			"Sur-irrigation",
			"Propagation des adventices et des espèces envahissantes",
			"Conversion en terres agricoles",
			"Surpâturage",
			"Sur-exploitation de la nappe phréatique",
			"poids trop élevée des machines agricoles",
			"Utilisation inappropriée des engrais et des produits agrochimiques",
			"Drainage insuffisant",
			"Foresterie commerciale",
			"Excessive récolte du bois",
			"Variation de la composition de l'élevage",
			"_OTHER_INPUT::Autre (précisez)"
	],
	"columns": [
		{
			"title":"Réponse",
			"type":"toggle"
		}
	]
}